Courier Partner,Couriers,Mode,Min weight,Max weight,Zone A,Zone B,Zone C,Zone D,Zone E,Zone F,COD Amount,COD Percentage,DPH Divisor
Delhivery,Delhivery Surface,FWD,0,500,27.5,30.25,34.1,38.5,45.1,51.7,26,1.8,71.5
Delhivery,Delhivery Surface,RTO,0,500,18.7,22,22,24.2,28.6,33,26,1.8,71.5
Delhivery,Delhivery Surface,DTO,0,500,40.7,45.1,50.6,57.2,67.1,77,26,1.8,71.5
Delhivery,Delhivery Surface,FWD,+,500,24.2,28.6,29.7,33,37.4,44,26,1.8,71.5
Delhivery,Delhivery Surface,RTO,+,500,18.7,22,22,24.2,28.6,33,26,1.8,71.5
Delhivery,Delhivery Surface,DTO,+,500,36.3,42.9,44,49.5,56.1,66,26,1.8,71.5
Delhivery,Delhivery Express,FWD,0,500,28.6,31.35,46.2,54.45,73.7,77,26,1.8,71.5
Delhivery,Delhivery Express,RTO,0,500,25.3,28.6,37.4,45.1,59.4,62.7,26,1.8,71.5
Delhivery,Delhivery Express,DTO,0,500,41.8,46.2,68.2,80.3,110,114.4,26,1.8,71.5
Delhivery,Delhivery Express,FWD,+,500,25.3,29.7,42.9,49.5,67.1,69.3,26,1.8,71.5
Delhivery,Delhivery Express,RTO,+,500,25.3,28.6,37.4,45.1,59.4,62.7,26,1.8,71.5
Delhivery,Delhivery Express,DTO,+,500,37.4,44,63.8,73.7,100.1,100.1,26,1.8,71.5
Bluedart,Bluedart Air Express,FWD,0,500,64.24,87.362,105.347,131.043,146.454,146.454,38.5,2,0
Bluedart,Bluedart Air Express,RTO,0,500,64.24,87.362,105.347,131.043,146.454,146.454,38.5,2,0
Bluedart,Bluedart Air Express,DTO,0,500,141.24,164.362,182.347,208.043,223.454,223.454,38.5,2,0
Bluedart,Bluedart Air Express,FWD,+,500,64.24,87.362,105.347,131.043,146.454,146.454,38.5,2,0
Bluedart,Bluedart Air Express,RTO,+,500,64.24,87.362,105.347,131.043,146.454,146.454,38.5,2,0
Bluedart,Bluedart Air Express,DTO,+,500,141.24,164.362,182.347,208.043,223.454,223.454,38.5,2,0
Bluedart,Bluedart Surface Express,FWD,0,500,53.559,62.876,76.846,86.163,93.148,93.148,38.5,2,0
Bluedart,Bluedart Surface Express,RTO,0,500,53.559,62.876,76.846,86.163,93.148,93.148,38.5,2,0
Bluedart,Bluedart Surface Express,DTO,0,500,130.559,139.876,153.846,163.163,170.148,170.148,38.5,2,0
Bluedart,Bluedart Surface Express,FWD,+,500,53.559,62.876,76.846,86.163,93.148,93.148,38.5,2,0
Bluedart,Bluedart Surface Express,RTO,+,500,53.559,62.876,76.846,86.163,93.148,93.148,38.5,2,0
Bluedart,Bluedart Surface Express,DTO,+,500,130.559,139.876,153.846,163.163,170.148,170.148,38.5,2,0
E-Kart,E-Kart EXPRESS,FWD,0,500,71.5,71.5,92.4,92.4,92.4,92.4,0,0,0
E-Kart,E-Kart EXPRESS,RTO,0,500,0,0,0,0,0,0,0,0,0
E-Kart,E-Kart EXPRESS,DTO,0,500,72.6,74.8,84.7,91.3,141.9,141.9,0,0,0
E-Kart,E-Kart EXPRESS,FWD,+,500,33,33,33,33,33,33,0,0,0
E-Kart,E-Kart EXPRESS,RTO,+,500,0,0,0,0,0,0,0,0,0
E-Kart,E-Kart EXPRESS,DTO,+,500,26.4,29.7,36.3,42.9,60.5,60.5,0,0,0
E-Kart,E-Kart SURFACE,FWD,0,500,64.9,64.9,64.9,64.9,64.9,64.9,0,0,0
E-Kart,E-Kart SURFACE,RTO,0,500,0,0,0,0,0,0,0,0,0
E-Kart,E-Kart SURFACE,DTO,0,500,84.37,84.37,84.37,84.37,84.37,84.37,0,0,0
E-Kart,E-Kart SURFACE,FWD,501,1000,74.8,74.8,74.8,74.8,74.8,74.8,0,0,0
E-Kart,E-Kart SURFACE,RTO,501,1000,0,0,0,0,0,0,0,0,0
E-Kart,E-Kart SURFACE,DTO,501,1000,97.24,97.24,97.24,97.24,97.24,97.24,0,0,0
E-Kart,E-Kart SURFACE,FWD,1001,2000,88,88,88,88,88,88,0,0,0
E-Kart,E-Kart SURFACE,RTO,1001,2000,0,0,0,0,0,0,0,0,0
E-Kart,E-Kart SURFACE,DTO,1001,2000,114.4,114.4,114.4,114.4,114.4,114.4,0,0,0
Shadowfax,Shadowfax Surface 500 G,FWD,0,2000,42.9,53.9,64.9,64.9,75.9,75.9,0,0,0
Shadowfax,Shadowfax Surface 500 G,RTO,0,2000,0,0,0,0,0,0,0,0,0
Shadowfax,Shadowfax Surface 500 G,DTO,0,2000,55.77,70.07,84.37,84.37,98.67,98.67,0,0,0
Shadowfax,Shadowfax Surface 2 KG,FWD,0,5000,53.9,75.9,108.9,108.9,152.9,152.9,0,0,0
Shadowfax,Shadowfax Surface 2 KG,RTO,0,5000,0,0,0,0,0,0,0,0,0
Shadowfax,Shadowfax Surface 2 KG,DTO,0,5000,70.07,98.67,141.57,141.57,198.77,198.77,0,0,0
Shadowfax,Shadowfax Surface 5 KG,FWD,0,10000,86.9,119.9,163.9,163.9,207.9,207.9,0,0,0
Shadowfax,Shadowfax Surface 5 KG,RTO,0,10000,0,0,0,0,0,0,0,0,0
Shadowfax,Shadowfax Surface 5 KG,DTO,0,10000,112.97,155.87,213.07,213.07,270.27,270.27,0,0,0
Shadowfax,Shadowfax Surface 5 KG,FWD,+,1000,9.9,9.9,9.9,9.9,9.9,9.9,0,0,0
Shadowfax,Shadowfax Surface 5 KG,RTO,+,1000,0,0,0,0,0,0,0,0,0
Shadowfax,Shadowfax Surface 5 KG,DTO,+,1000,12.87,12.87,12.87,12.87,12.87,12.87,0,0,0
Xpressbees,Surface Xpressbees 0.5 K.G,FWD,0,500,31.9,33,38.5,42.9,57.2,57.2,26,1.8,0
Xpressbees,Surface Xpressbees 0.5 K.G,RTO,0,500,26.4,28.6,33,37.4,51.7,51.7,26,1.8,0
Xpressbees,Surface Xpressbees 0.5 K.G,DTO,0,500,39.6,41.8,48.4,53.9,73.7,73.7,30.03,2,0
Xpressbees,Surface Xpressbees 0.5 K.G,FWD,+,500,23.1,25.3,30.8,33,49.5,49.5,26,1.8,0
Xpressbees,Surface Xpressbees 0.5 K.G,RTO,+,500,26.4,28.6,33,37.4,51.7,51.7,26,1.8,0
Xpressbees,Surface Xpressbees 0.5 K.G,DTO,+,500,28.6,30.8,38.5,41.8,62.7,62.7,30.03,2,0
Xpressbees,Air Xpressbees 0.5 K.G,FWD,0,500,41.8,50.6,68.2,71.5,88,88,26,1.8,0
Xpressbees,Air Xpressbees 0.5 K.G,RTO,0,500,31.9,33,49.5,52.8,69.3,69.3,26,1.8,0
Xpressbees,Air Xpressbees 0.5 K.G,DTO,0,500,52.8,63.8,86.9,91.3,112.2,112.2,26,1.8,0
Xpressbees,Air Xpressbees 0.5 K.G,FWD,+,500,39.6,48.4,66,69.3,85.8,85.8,26,1.8,0
Xpressbees,Air Xpressbees 0.5 K.G,RTO,+,500,39.6,48.4,66,69.3,85.8,85.8,26,1.8,0
Xpressbees,Air Xpressbees 0.5 K.G,DTO,+,500,50.6,61.6,84.7,89.1,110,110,30.03,2,0
Xpressbees,Express Reverse,FWD,0,500,51.7,63.8,86.9,91.3,112.2,112.2,26,1.8,0
Xpressbees,Express Reverse,RTO,0,500,29.7,40.7,62.7,67.1,88,5.5,26,1.8,0
Xpressbees,Express Reverse,DTO,0,500,66,80.3,111.1,116.6,144.1,144.1,26,1.8,0
Xpressbees,Express Reverse,FWD,+,500,50.6,61.6,84.7,89.1,110,110,26,1.8,0
Xpressbees,Express Reverse,RTO,+,500,50.6,61.6,84.7,89.1,110,110,26,1.8,0
Xpressbees,Express Reverse,DTO,+,500,63.8,78.1,108.9,114.4,140.8,140.8,26,1.8,0
Xpressbees,Xpressbees 1 K.G,FWD,0,1000,60.5,64.9,86.9,95.7,114.4,114.4,35.2,2,0
Xpressbees,Xpressbees 1 K.G,RTO,0,1000,58.3,63.8,84.7,94.6,112.2,112.2,35.2,2,0
Xpressbees,Xpressbees 1 K.G,DTO,0,1000,77,83.6,111.1,123.2,147.4,147.4,35.2,2,0
Xpressbees,Xpressbees 1 K.G,FWD,+,1000,56.1,58.3,80.3,89.1,103.4,103.4,35.2,2,0
Xpressbees,Xpressbees 1 K.G,RTO,+,1000,56.1,58.3,80.3,89.1,103.4,103.4,35.2,2,0
Xpressbees,Xpressbees 1 K.G,DTO,+,1000,70.4,74.8,102.3,114.4,133.1,133.1,35.2,2,0
Xpressbees,Xpressbees 2 K.G,FWD,0,2000,79.2,88,99,106.7,130.9,130.9,26,1.8,0
Xpressbees,Xpressbees 2 K.G,RTO,0,2000,69.3,77,88,94.6,116.6,116.6,26,1.8,0
Xpressbees,Xpressbees 2 K.G,DTO,0,2000,101.2,112.2,126.5,136.4,168.3,168.3,26,1.8,0
Xpressbees,Xpressbees 2 K.G,FWD,+,1000,24.2,26.4,31.9,37.4,40.7,40.7,26,1.8,0
Xpressbees,Xpressbees 2 K.G,RTO,+,1000,24.2,26.4,31.9,37.4,40.7,40.7,26,1.8,0
Xpressbees,Xpressbees 2 K.G,DTO,+,1000,29.7,33,39.6,46.2,51.7,51.7,26,1.8,0
Xpressbees,Xpressbees 5 K.G,FWD,0,5000,178.2,200.2,222.2,244.2,271.7,271.7,26,1.8,0
Xpressbees,Xpressbees 5 K.G,RTO,0,5000,159.5,179.3,198,218.9,243.1,243.1,26,1.8,0
Xpressbees,Xpressbees 5 K.G,DTO,0,5000,229.9,258.5,287.1,315.7,350.9,350.9,26,1.8,0
Xpressbees,Xpressbees 5 K.G,FWD,+,1000,23.1,26.4,30.8,36.3,39.6,39.6,26,1.8,0
Xpressbees,Xpressbees 5 K.G,RTO,+,1000,23.1,26.4,30.8,36.3,39.6,39.6,26,1.8,0
Xpressbees,Xpressbees 5 K.G,DTO,+,1000,28.6,31.9,38.5,45.1,50.6,50.6,26,1.8,0
Xpressbees,Xpressbees 10 K.G,FWD,0,10000,255.2,288.2,332.2,354.2,392.7,392.7,26,1.8,0
Xpressbees,Xpressbees 10 K.G,RTO,0,10000,228.8,258.5,297,317.9,352,352,26,1.8,0
Xpressbees,Xpressbees 10 K.G,DTO,0,10000,330,372.9,430.1,458.7,508.2,508.2,26,1.8,0
Xpressbees,Xpressbees 10 K.G,FWD,+,1000,22,24.2,29.7,34.1,38.5,38.5,26,1.8,0
Xpressbees,Xpressbees 10 K.G,RTO,+,1000,22,24.2,29.7,34.1,38.5,38.5,26,1.8,0
Xpressbees,Xpressbees 10 K.G,DTO,+,1000,27.5,29.7,37.4,42.9,48.4,48.4,26,1.8,0
Shree Maruti,Shree Maruti Surface,FWD,0,500,18.7,22,26.4,29.7,46.2,46.2,26,1.8,0
Shree Maruti,Shree Maruti Surface,RTO,0,500,16.83,19.8,23.76,26.73,41.58,41.58,26,1.8,0
Shree Maruti,Shree Maruti Surface,FWD,501,1000,34.1,39.6,49.5,56.1,81.4,81.4,26,1.8,0
Shree Maruti,Shree Maruti Surface,RTO,501,1000,30.69,35.64,44.55,50.49,73.26,73.26,26,1.8,0
Shree Maruti,Shree Maruti Surface,FWD,1001,1500,46.2,51.7,67.1,75.9,107.8,107.8,26,1.8,0
Shree Maruti,Shree Maruti Surface,RTO,1001,1500,41.58,46.53,60.39,68.31,97.02,97.02,26,1.8,0
Shree Maruti,Shree Maruti Surface,FWD,1501,2000,51.7,59.4,79.2,91.3,134.2,134.2,26,1.8,0
Shree Maruti,Shree Maruti Surface,RTO,1501,2000,46.53,53.46,71.28,82.17,120.78,120.78,26,1.8,0
Shree Maruti,Shree Maruti Surface,FWD,2001,3000,63.8,79.2,101.2,121,171.6,171.6,26,1.8,0
Shree Maruti,Shree Maruti Surface,RTO,2001,3000,57.42,71.28,91.08,108.9,154.44,154.44,26,1.8,0
Shree Maruti,Shree Maruti Surface,FWD,3001,4000,79.2,97.9,122.1,149.6,205.7,205.7,26,1.8,0
Shree Maruti,Shree Maruti Surface,RTO,3001,4000,71.28,88.11,109.89,134.64,185.13,185.13,26,1.8,0
Shree Maruti,Shree Maruti Surface,FWD,4001,5000,89.1,115.5,138.6,168.3,235.4,235.4,26,1.8,0
Shree Maruti,Shree Maruti Surface,RTO,4001,5000,80.19,103.95,124.74,151.47,211.86,211.86,26,1.8,0
Shree Maruti,Shree Maruti Surface,FWD,5001,6000,91.19,119.35,143.44,172.37,245.96,245.96,26,1.8,0
Shree Maruti,Shree Maruti Surface,RTO,5001,6000,82.071,107.415,129.096,155.133,221.364,221.364,26,1.8,0
Shree Maruti,Shree Maruti Surface,FWD,6001,7000,102.19,134.75,162.14,193.27,280.06,280.06,26,1.8,0
Shree Maruti,Shree Maruti Surface,RTO,6001,7000,91.971,121.275,145.926,173.943,252.054,252.054,26,1.8,0
Shree Maruti,Shree Maruti Surface,FWD,7001,8000,113.19,150.15,180.84,214.17,314.16,314.16,26,1.8,0
Shree Maruti,Shree Maruti Surface,RTO,7001,8000,101.871,135.135,162.756,192.753,282.744,282.744,26,1.8,0
Shree Maruti,Shree Maruti Surface,FWD,8001,9000,124.19,165.55,199.54,235.07,348.26,348.26,26,1.8,0
Shree Maruti,Shree Maruti Surface,RTO,8001,9000,111.771,148.995,179.586,211.563,313.434,313.434,26,1.8,0
Shree Maruti,Shree Maruti Surface,FWD,9001,10000,135.19,180.95,218.24,255.97,382.36,382.36,26,1.8,0
Shree Maruti,Shree Maruti Surface,RTO,9001,10000,121.671,162.855,196.416,230.373,344.124,344.124,26,1.8,0
Shree Maruti,Shree Maruti Air,FWD,0,500,0,27.5,41.8,47.3,63.8,63.8,26,1.8,0
Shree Maruti,Shree Maruti Air,RTO,0,500,0,24.75,37.62,42.57,57.42,57.42,26,1.8,0
Shree Maruti,Shree Maruti Air,FWD,501,1000,0,48.4,78.1,86.9,114.4,114.4,26,1.8,0
Shree Maruti,Shree Maruti Air,RTO,501,1000,0,38.72,62.48,69.52,91.52,91.52,26,1.8,0
Shree Maruti,Shree Maruti Air,FWD,1001,1500,0,85.8,114.4,129.8,182.6,182.6,26,1.8,0
Shree Maruti,Shree Maruti Air,RTO,1001,1500,0,68.64,91.52,103.84,146.08,146.08,26,1.8,0
Shree Maruti,Shree Maruti Air,FWD,1501,2000,0,114.4,147.4,171.6,228.8,228.8,26,1.8,0
Shree Maruti,Shree Maruti Air,RTO,1501,2000,0,102.96,132.66,154.44,205.92,205.92,26,1.8,0
Shree Maruti,Shree Maruti Air,FWD,2001,3000,0,143,400.4,213.4,275,275,26,1.8,0
Shree Maruti,Shree Maruti Air,RTO,2001,3000,0,128.7,360.36,192.06,247.5,247.5,26,1.8,0
Shree Maruti,Shree Maruti Air,FWD,3001,4000,0,171.6,433.4,255.2,321.2,321.2,26,1.8,0
Shree Maruti,Shree Maruti Air,RTO,3001,4000,0,154.44,390.06,229.68,289.08,289.08,26,1.8,0
Shree Maruti,Shree Maruti Air,FWD,4001,5000,0,200.2,466.4,297,367.4,367.4,26,1.8,0
Shree Maruti,Shree Maruti Air,RTO,4001,5000,0,180.18,419.76,267.3,330.66,330.66,26,1.8,0
Shree Maruti,Shree Maruti Air,FWD,5001,6000,0,228.8,499.4,338.8,413.6,413.6,26,1.8,0
Shree Maruti,Shree Maruti Air,RTO,5001,6000,0,205.92,449.46,304.92,372.24,372.24,26,1.8,0
Shree Maruti,Shree Maruti Air,FWD,6001,7000,0,257.4,532.4,380.6,459.8,459.8,26,1.8,0
Shree Maruti,Shree Maruti Air,RTO,6001,7000,0,231.66,479.16,342.54,413.82,413.82,26,1.8,0
Shree Maruti,Shree Maruti Air,FWD,7001,8000,0,286,565.4,422.4,506,506,26,1.8,0
Shree Maruti,Shree Maruti Air,RTO,7001,8000,0,257.4,508.86,380.16,455.4,455.4,26,1.8,0
Shree Maruti,Shree Maruti Air,FWD,8001,9000,0,314.6,598.4,464.2,552.2,552.2,26,1.8,0
Shree Maruti,Shree Maruti Air,RTO,8001,9000,0,283.14,538.56,417.78,496.98,496.98,26,1.8,0
Shree Maruti,Shree Maruti Air,FWD,9001,10000,0,343.2,631.4,506,598.4,598.4,26,1.8,0
Shree Maruti,Shree Maruti Air,RTO,9001,10000,0,308.88,568.26,455.4,538.56,538.56,26,1.8,0
Amazon,Amazon Shipping Standard,FWD,0,500,24.2,26.4,30.8,33,50.6,50.6,26,1.8,0
Amazon,Amazon Shipping Standard,RTO,0,500,22,24.2,27.5,29.7,45.1,45.1,26,1.8,0
Amazon,Amazon Shipping Standard,FWD,500,1000,40.7,45.1,51.7,56.1,74.8,74.8,26,1.8,0
Amazon,Amazon Shipping Standard,RTO,500,1000,36.3,40.7,46.2,50.6,67.1,67.1,26,1.8,0
Amazon,Amazon Shipping Standard,FWD,1000,1500,57.2,63.8,72.6,79.2,99,99,26,1.8,0
Amazon,Amazon Shipping Standard,RTO,1000,1500,51.7,57.2,64.9,71.5,89.1,89.1,26,1.8,0
Amazon,Amazon Shipping Standard,FWD,1500,2000,73.7,82.5,93.5,102.3,123.2,123.2,26,1.8,0
Amazon,Amazon Shipping Standard,RTO,1500,2000,66,74.8,84.7,92.4,111.1,111.1,26,1.8,0
Amazon,Amazon Shipping Standard,FWD,2000,2500,90.2,101.2,114.4,125.4,147.4,147.4,26,1.8,0
Amazon,Amazon Shipping Standard,RTO,2000,2500,81.4,91.3,103.4,113.3,133.1,133.1,26,1.8,0
Amazon,Amazon Shipping Standard,FWD,2500,3000,106.7,119.9,135.3,148.5,171.6,171.6,26,1.8,0
Amazon,Amazon Shipping Standard,RTO,2500,3000,95.7,107.8,122.1,134.2,154,154,26,1.8,0
Amazon,Amazon Shipping Standard,FWD,3000,3500,123.2,138.6,156.2,171.6,195.8,195.8,26,1.8,0
Amazon,Amazon Shipping Standard,RTO,3000,3500,111.1,124.3,140.8,154,176,176,26,1.8,0
Amazon,Amazon Shipping Standard,FWD,3500,4000,139.7,157.3,177.1,194.7,220,220,26,1.8,0
Amazon,Amazon Shipping Standard,RTO,3500,4000,125.4,141.9,159.5,174.9,198,198,26,1.8,0
Amazon,Amazon Shipping Standard,FWD,4000,4500,156.2,176,198,217.8,244.2,244.2,26,1.8,0
Amazon,Amazon Shipping Standard,RTO,4000,4500,140.8,158.4,178.2,195.8,220,220,26,1.8,0
Amazon,Amazon Shipping Standard,FWD,4500,5000,172.7,194.7,218.9,240.9,268.4,268.4,26,1.8,0
Amazon,Amazon Shipping Standard,RTO,4500,5000,155.1,174.9,196.9,216.7,242,242,26,1.8,0
Amazon,Amazon Shipping Standard,FWD,5000,5500,188.1,212.3,240.9,262.9,292.6,292.6,26,1.8,0
Amazon,Amazon Shipping Standard,RTO,5000,5500,169.4,191.4,216.7,236.5,262.9,262.9,26,1.8,0
Amazon,Amazon Shipping Standard,FWD,5500,6000,188.1,212.3,240.9,262.9,292.6,292.6,26,1.8,0
Amazon,Amazon Shipping Standard,RTO,5500,6000,169.4,191.4,216.7,236.5,262.9,262.9,26,1.8,0
Amazon,Amazon Shipping Standard,FWD,6000,6500,203.5,229.9,262.9,284.9,316.8,316.8,26,1.8,0
Amazon,Amazon Shipping Standard,RTO,6000,6500,183.7,206.8,236.5,256.3,284.9,284.9,26,1.8,0
Amazon,Amazon Shipping Standard,FWD,6500,7000,203.5,229.9,262.9,284.9,316.8,316.8,26,1.8,0
Amazon,Amazon Shipping Standard,RTO,6500,7000,183.7,206.8,236.5,256.3,284.9,284.9,26,1.8,0
Amazon,Amazon Shipping Standard,FWD,7000,7500,218.9,247.5,284.9,306.9,341,341,26,1.8,0
Amazon,Amazon Shipping Standard,RTO,7000,7500,196.9,223.3,256.3,276.1,306.9,306.9,26,1.8,0
Amazon,Amazon Shipping Standard,FWD,7500,8000,218.9,247.5,284.9,306.9,341,341,26,1.8,0
Amazon,Amazon Shipping Standard,RTO,7500,8000,196.9,223.3,256.3,276.1,306.9,306.9,26,1.8,0
Amazon,Amazon Shipping Standard,FWD,8000,8500,234.3,265.1,306.9,328.9,365.2,365.2,26,1.8,0
Amazon,Amazon Shipping Standard,RTO,8000,8500,211.2,238.7,276.1,295.9,328.9,328.9,26,1.8,0
Amazon,Amazon Shipping Standard,FWD,8500,9000,234.3,265.1,306.9,328.9,365.2,365.2,26,1.8,0
Amazon,Amazon Shipping Standard,RTO,8500,9000,211.2,238.7,276.1,295.9,328.9,328.9,26,1.8,0
Amazon,Amazon Shipping Standard,FWD,9000,9500,249.7,282.7,328.9,350.9,389.4,389.4,26,1.8,0
Amazon,Amazon Shipping Standard,RTO,9000,9500,224.4,254.1,295.9,315.7,350.9,350.9,26,1.8,0
Amazon,Amazon Shipping Standard,FWD,9500,10000,249.7,282.7,328.9,350.9,389.4,389.4,26,1.8,0
Amazon,Amazon Shipping Standard,RTO,9500,10000,224.4,254.1,295.9,315.7,350.9,350.9,26,1.8,0
Amazon,Amazon Shipping Standard,FWD,10000,10500,265.1,300.3,350.9,372.9,413.6,413.6,26,1.8,0
Amazon,Amazon Shipping Standard,RTO,10000,10500,238.7,270.6,315.7,335.5,371.8,371.8,26,1.8,0
Amazon,Amazon Shipping Standard,FWD,10500,11000,265.1,300.3,350.9,372.9,413.6,413.6,26,1.8,0
Amazon,Amazon Shipping Standard,RTO,10500,11000,238.7,270.6,315.7,335.5,371.8,371.8,26,1.8,0
Amazon,Amazon Shipping Standard,FWD,11000,11500,280.5,317.9,372.9,394.9,437.8,437.8,26,1.8,0
Amazon,Amazon Shipping Standard,RTO,11000,11500,253,286,335.5,355.3,393.8,393.8,26,1.8,0
Amazon,Amazon Shipping Standard,FWD,11500,12000,280.5,317.9,372.9,394.9,437.8,437.8,26,1.8,0
Amazon,Amazon Shipping Standard,RTO,11500,12000,253,286,335.5,355.3,393.8,393.8,26,1.8,0
Amazon,Amazon Shipping Standard,FWD,12000,12500,295.9,335.5,394.9,416.9,462,462,26,1.8,0
Amazon,Amazon Shipping Standard,RTO,12000,12500,266.2,302.5,355.3,375.1,415.8,415.8,26,1.8,0
Amazon,Amazon Shipping Standard,FWD,12500,13000,295.9,335.5,394.9,416.9,462,462,26,1.8,0
Amazon,Amazon Shipping Standard,RTO,12500,13000,266.2,302.5,355.3,375.1,415.8,415.8,26,1.8,0
Amazon,Amazon Shipping Standard,FWD,13000,13500,311.3,353.1,416.9,438.9,486.2,486.2,26,1.8,0
Amazon,Amazon Shipping Standard,RTO,13000,13500,280.5,317.9,375.1,394.9,437.8,437.8,26,1.8,0
Amazon,Amazon Shipping Standard,FWD,13500,14000,311.3,353.1,416.9,438.9,486.2,486.2,26,1.8,0
Amazon,Amazon Shipping Standard,RTO,13500,14000,280.5,317.9,375.1,394.9,437.8,437.8,26,1.8,0
Amazon,Amazon Shipping Standard,FWD,14000,14500,326.7,370.7,438.9,460.9,510.4,510.4,26,1.8,0
Amazon,Amazon Shipping Standard,RTO,14000,14500,293.7,333.3,394.9,414.7,459.8,459.8,26,1.8,0
Amazon,Amazon Shipping Standard,FWD,14500,15000,326.7,370.7,438.9,460.9,510.4,510.4,26,1.8,0
Amazon,Amazon Shipping Standard,RTO,14500,15000,293.7,333.3,394.9,414.7,459.8,459.8,26,1.8,0
Amazon,Amazon Shipping Standard,FWD,15000,15500,342.1,388.3,460.9,482.9,534.6,534.6,26,1.8,0
Amazon,Amazon Shipping Standard,RTO,15000,15500,308,349.8,414.7,434.5,480.7,480.7,26,1.8,0
Amazon,Amazon Shipping Standard,FWD,15500,16000,342.1,388.3,460.9,482.9,534.6,534.6,26,1.8,0
Amazon,Amazon Shipping Standard,RTO,15500,16000,308,349.8,414.7,434.5,480.7,480.7,26,1.8,0
Amazon,Amazon Shipping Standard,FWD,16000,16500,357.5,405.9,482.9,504.9,558.8,558.8,26,1.8,0
Amazon,Amazon Shipping Standard,RTO,16000,16500,322.3,365.2,434.5,454.3,502.7,502.7,26,1.8,0
Amazon,Amazon Shipping Standard,FWD,16500,17000,357.5,405.9,482.9,504.9,558.8,558.8,26,1.8,0
Amazon,Amazon Shipping Standard,RTO,16500,17000,322.3,365.2,434.5,454.3,502.7,502.7,26,1.8,0
Amazon,Amazon Shipping Standard,FWD,17000,17500,372.9,423.5,504.9,526.9,583,583,26,1.8,0
Amazon,Amazon Shipping Standard,RTO,17000,17500,335.5,381.7,454.3,474.1,524.7,524.7,26,1.8,0
Amazon,Amazon Shipping Standard,FWD,17500,18000,372.9,423.5,504.9,526.9,583,583,26,1.8,0
Amazon,Amazon Shipping Standard,RTO,17500,18000,335.5,381.7,454.3,474.1,524.7,524.7,26,1.8,0
Amazon,Amazon Shipping Standard,FWD,18000,18500,388.3,441.1,526.9,548.9,607.2,607.2,26,1.8,0
Amazon,Amazon Shipping Standard,RTO,18000,18500,349.8,397.1,474.1,493.9,546.7,546.7,26,1.8,0
Amazon,Amazon Shipping Standard,FWD,18500,19000,388.3,441.1,526.9,548.9,607.2,607.2,26,1.8,0
Amazon,Amazon Shipping Standard,RTO,18500,19000,349.8,397.1,474.1,493.9,546.7,546.7,26,1.8,0
